arm,condition,mode,severity,seed,speed_rmse,nis,nees,epi_share,epi_share_all,unm_share,novelty_mean,novelty_peak
layered,healthy,none,0,2000,0.00754528,1.98717,2.0497,0,0,0.0197706,1,1
layered,healthy,none,0,2001,0.00972715,1.70737,2.01299,0,0,0,1,1
layered,healthy,none,0,2002,0.00796307,2.04191,1.79809,0,0,0.00675697,1,1
layered,healthy,none,0,2003,0.00645722,2.06169,1.45141,0,0,0,1,1
layered,healthy,none,0,2004,0.00934796,1.75152,1.89092,0,0,0.0592804,1,1
layered,healthy,none,0,2005,0.00791785,1.94657,2.00385,0,0,0.00287476,1,1
layered,healthy,none,0,2006,0.0058938,2.08803,1.55713,0,0,0,1,1
layered,healthy,none,0,2007,0.00577344,1.79001,1.18496,0,0,0,1,1
layered,bias 0.5,bias,0.5,2000,0.00673511,1.80366,1.62742,0,0,0.127371,1,1
layered,bias 0.5,bias,0.5,2001,0.00917898,1.6267,1.91309,0,0,0.000160883,1,1
layered,bias 0.5,bias,0.5,2002,0.00762453,1.85531,1.37563,0,0,0.000172856,1,1
layered,bias 0.5,bias,0.5,2003,0.00788872,1.79975,1.29936,0,0,0,1,1
layered,bias 0.5,bias,0.5,2004,0.0106115,1.66289,1.79275,0,0,0.191235,1,1
layered,bias 0.5,bias,0.5,2005,0.00805834,1.86655,1.6443,0,0,0.00251699,1,1
layered,bias 0.5,bias,0.5,2006,0.00602884,1.91554,1.34463,0,0,0,1,1
layered,bias 0.5,bias,0.5,2007,0.00597866,1.66964,1.07952,0,0,0.00600167,1,1
layered,bias 1.5,bias,1.5,2000,0.00737361,1.59376,1.32971,0,0,0.42955,1,1
layered,bias 1.5,bias,1.5,2001,0.010818,1.46896,2.54393,0,0,0.166972,1,1
layered,bias 1.5,bias,1.5,2002,0.00938998,1.6343,1.37004,0,0,0.0864277,1,1
layered,bias 1.5,bias,1.5,2003,0.00762815,1.68934,1.10753,0,0,0,1,1
layered,bias 1.5,bias,1.5,2004,0.0102486,1.4634,1.6167,0,0,0.597507,1,1
layered,bias 1.5,bias,1.5,2005,0.00759922,1.67747,1.84828,0,0,0.105305,1,1
layered,bias 1.5,bias,1.5,2006,0.00584944,1.7536,1.04601,0,0,0,1,1
layered,bias 1.5,bias,1.5,2007,0.010249,1.55588,1.89647,0,0,0.180482,1,1
layered,bias 3.0,bias,3,2000,0.011945,1.38961,2.11,0,0,1.30854,1,1
layered,bias 3.0,bias,3,2001,0.0178874,1.49611,2.90781,0,0,0.749338,1,1
layered,bias 3.0,bias,3,2002,0.0114581,1.46215,1.60493,0,0,0.818426,1,1
layered,bias 3.0,bias,3,2003,0.0246,1.61022,9.12453,0,0,0.246516,1,1
layered,bias 3.0,bias,3,2004,0.013167,1.50355,1.50197,0,0,1.66733,1,1
layered,bias 3.0,bias,3,2005,0.00884369,1.50247,1.44752,0,0,0.828024,1,1
layered,bias 3.0,bias,3,2006,0.017662,1.42488,2.87664,0,0,0.258441,1,1
layered,bias 3.0,bias,3,2007,0.0173202,1.37984,3.3774,0,0,0.692443,1,1
layered,noise 0.5,noise_inflation,0.5,2000,0.00815526,2.04672,2.16584,0,0,0.330291,1,1
layered,noise 0.5,noise_inflation,0.5,2001,0.00991166,1.90462,2.03742,0,0,0.0360293,1,1
layered,noise 0.5,noise_inflation,0.5,2002,0.00860672,2.30218,2.05793,0,0,0.0842018,1,1
layered,noise 0.5,noise_inflation,0.5,2003,0.00672049,2.27872,1.54147,0,0,0.0714266,1,1
layered,noise 0.5,noise_inflation,0.5,2004,0.00913194,1.93457,1.90652,0,0,0.137779,1,1
layered,noise 0.5,noise_inflation,0.5,2005,0.00873728,2.14766,2.1642,0,0,0.0358463,1,1
layered,noise 0.5,noise_inflation,0.5,2006,0.00614584,2.41757,1.68499,0,0,0.0443138,1,1
layered,noise 0.5,noise_inflation,0.5,2007,0.00587088,2.06202,1.28577,0,0,0.0134894,1,1
layered,noise 1.5,noise_inflation,1.5,2000,0.00912241,2.04253,2.07449,0,0,2.83864,1,1
layered,noise 1.5,noise_inflation,1.5,2001,0.0109736,2.20714,1.96698,0,0,1.6832,1,1
layered,noise 1.5,noise_inflation,1.5,2002,0.0101825,2.56783,2.2902,0,0,1.97515,1,1
layered,noise 1.5,noise_inflation,1.5,2003,0.00772572,2.46123,1.6195,0,0,2.20835,1,1
layered,noise 1.5,noise_inflation,1.5,2004,0.00915376,2.31234,1.71325,0,0,1.56168,1,1
layered,noise 1.5,noise_inflation,1.5,2005,0.00913355,2.22902,1.81716,0,0,2.03736,1,1
layered,noise 1.5,noise_inflation,1.5,2006,0.00827155,2.71969,1.84165,0,0,1.85825,1,1
layered,noise 1.5,noise_inflation,1.5,2007,0.00656885,2.37529,1.31497,0,0,1.65756,1,1
layered,noise 3.0,noise_inflation,3,2000,0.0100976,2.06094,2.00654,0,0,10.3036,1,1
layered,noise 3.0,noise_inflation,3,2001,0.011903,2.47053,1.92089,0,0,7.89884,1,1
layered,noise 3.0,noise_inflation,3,2002,0.0116457,2.81374,2.32621,0,0,8.05088,1,1
layered,noise 3.0,noise_inflation,3,2003,0.0084328,2.746,1.69463,0,0,9.77939,1,1
layered,noise 3.0,noise_inflation,3,2004,0.0093345,2.60304,1.66023,0,0,6.99933,1,1
layered,noise 3.0,noise_inflation,3,2005,0.00958519,2.25917,1.71235,0,0,9.15137,1,1
layered,noise 3.0,noise_inflation,3,2006,0.00889316,2.90541,1.6952,0,0,8.46879,1,1
layered,noise 3.0,noise_inflation,3,2007,0.00718922,2.63498,1.29852,0,0,7.4861,1,1
layered,drift 3.0,drift,3,2000,0.00986676,2.16716,2.34471,0,0,0.0265551,1,1
layered,drift 3.0,drift,3,2001,0.012951,1.56664,2.94042,0,0,0,1,1
layered,drift 3.0,drift,3,2002,0.0127163,1.80635,2.56207,0,0,0,1,1
layered,drift 3.0,drift,3,2003,0.0134226,1.64845,4.37552,0,0,0,1,1
layered,drift 3.0,drift,3,2004,0.0155681,1.46044,2.90446,0,0,0.0554069,1,1
layered,drift 3.0,drift,3,2005,0.0115458,2.28332,4.76899,0,0,0.0491907,1,1
layered,drift 3.0,drift,3,2006,0.00990378,1.56403,3.16382,0,0,0,1,1
layered,drift 3.0,drift,3,2007,0.00958507,2.15728,2.35148,0,0,0.0218463,1,1
layered,scale_error 3.0,scale_error,3,2000,0.0195699,2.71049,1.98275,0,0,653.169,1,1
layered,scale_error 3.0,scale_error,3,2001,0.0316115,2.68303,2.44563,0,0,765.476,1,1
layered,scale_error 3.0,scale_error,3,2002,0.0480722,3.45995,5.88881,0,0,791.52,1,1
layered,scale_error 3.0,scale_error,3,2003,0.0243764,3.09359,2.63176,0,0,794.726,1,1
layered,scale_error 3.0,scale_error,3,2004,0.0200451,2.97428,1.83225,0,0,855.405,1,1
layered,scale_error 3.0,scale_error,3,2005,0.0217408,2.68568,2.43321,0,0,678.35,1,1
layered,scale_error 3.0,scale_error,3,2006,0.0196239,3.06797,1.79003,0,0,721.107,1,1
layered,scale_error 3.0,scale_error,3,2007,0.0240633,2.60964,2.03402,0,0,693.631,1,1
layered,stuck 0.5,stuck,0.5,2000,0.0891197,5.68789,29.1993,0,0,2.72725,1,1
layered,stuck 0.5,stuck,0.5,2001,0.178044,5.45532,30.461,0,0,3.90915,1,1
layered,stuck 0.5,stuck,0.5,2002,0.0534623,4.55639,26.9715,0,0,11.6667,1,1
layered,stuck 0.5,stuck,0.5,2003,0.283994,5.60426,178.635,0,0,1.61528,1,1
layered,stuck 0.5,stuck,0.5,2004,0.121335,4.85578,25.2704,0,0,30.3033,1,1
layered,stuck 0.5,stuck,0.5,2005,0.123823,6.83524,37.3718,0,0,40.697,1,1
layered,stuck 0.5,stuck,0.5,2006,0.0341126,3.34165,6.76726,0,0,2.45837,1,1
layered,stuck 0.5,stuck,0.5,2007,0.139169,6.74302,29.8415,0,0,93.0699,1,1
layered,dropout 0.5,dropout,0.5,2000,0.0110874,2.1439,3.4243,0,0,0.00720187,1,1
layered,dropout 0.5,dropout,0.5,2001,0.0115615,1.62157,2.87687,0,0,0,1,1
layered,dropout 0.5,dropout,0.5,2002,0.00967978,1.94257,2.08905,0,0,0.00641923,1,1
layered,dropout 0.5,dropout,0.5,2003,0.00941387,2.03265,2.3507,0,0,0,1,1
layered,dropout 0.5,dropout,0.5,2004,0.010013,1.6967,2.34113,0,0,0.0367289,1,1
layered,dropout 0.5,dropout,0.5,2005,0.0110006,2.14514,3.16026,0,0,0.00124262,1,1
layered,dropout 0.5,dropout,0.5,2006,0.00720785,2.12059,1.99033,0,0,0,1,1
layered,dropout 0.5,dropout,0.5,2007,0.00823842,1.83506,1.82473,0,0,7.25956e-05,1,1
layered + epistemic,healthy,none,0,2000,0.00754359,1.98545,2.04658,0.00052471,0.00126728,0.0197093,0.914922,16.0623
layered + epistemic,healthy,none,0,2001,0.0097182,1.70406,2.00584,0.0013263,0.00300708,0,2.03365,17.7002
layered + epistemic,healthy,none,0,2002,0.00796243,2.04022,1.79632,0.000529546,0.00124167,0.0067315,0.928497,10.138
layered + epistemic,healthy,none,0,2003,0.0064561,2.0599,1.44949,0.00046088,0.00106439,0,0.825741,12.8006
layered + epistemic,healthy,none,0,2004,0.0093404,1.74956,1.88539,0.000668039,0.00157739,0.0592542,1.10454,11.6283
layered + epistemic,healthy,none,0,2005,0.00792018,1.94476,2.00241,0.000645692,0.00151641,0.00286116,1.0893,19.3744
layered + epistemic,healthy,none,0,2006,0.00589293,2.08705,1.55542,0.000312742,0.000865303,0,0.638673,12.0512
layered + epistemic,healthy,none,0,2007,0.0057718,1.78809,1.18288,0.000695428,0.00159059,0,1.14699,23.7752
layered + epistemic,bias 0.5,bias,0.5,2000,0.00673592,1.80172,1.62414,0.000747159,0.00174009,0.127273,1.24414,16.0623
layered + epistemic,bias 0.5,bias,0.5,2001,0.00917081,1.62228,1.90282,0.0019544,0.00400079,0.000157208,2.70715,17.7002
layered + epistemic,bias 0.5,bias,0.5,2002,0.00762083,1.85286,1.373,0.000780893,0.00180486,0.000165412,1.31181,10.138
layered + epistemic,bias 0.5,bias,0.5,2003,0.00788556,1.7977,1.29744,0.000817764,0.00181829,0,1.31309,12.8006
layered + epistemic,bias 0.5,bias,0.5,2004,0.0105954,1.66076,1.78764,0.000797613,0.00187088,0.191204,1.33409,11.6283
layered + epistemic,bias 0.5,bias,0.5,2005,0.00804829,1.86402,1.64023,0.000868567,0.00204016,0.00251656,1.42017,19.3744
layered + epistemic,bias 0.5,bias,0.5,2006,0.00602578,1.91404,1.34231,0.000470439,0.00121814,0,0.875867,12.0512
layered + epistemic,bias 0.5,bias,0.5,2007,0.00597692,1.66732,1.07755,0.000996398,0.00218978,0.00589303,1.52861,23.7752
layered + epistemic,bias 1.5,bias,1.5,2000,0.00737087,1.59119,1.32585,0.0011617,0.00263113,0.429006,1.90015,16.0623
layered + epistemic,bias 1.5,bias,1.5,2001,0.0108118,1.46403,2.53294,0.00304267,0.00561811,0.165953,3.87434,17.7002
layered + epistemic,bias 1.5,bias,1.5,2002,0.00938458,1.63177,1.36713,0.00108918,0.00259609,0.0861158,1.88526,10.138
layered + epistemic,bias 1.5,bias,1.5,2003,0.00762746,1.68635,1.10512,0.00103848,0.00248076,0,1.75584,12.8006
layered + epistemic,bias 1.5,bias,1.5,2004,0.0102426,1.46068,1.61256,0.00104242,0.00258808,0.597454,1.87697,11.6283
layered + epistemic,bias 1.5,bias,1.5,2005,0.00759455,1.67426,1.84262,0.00128364,0.00284159,0.10511,2.04057,19.3744
layered + epistemic,bias 1.5,bias,1.5,2006,0.00584821,1.7512,1.04385,0.000705366,0.00194631,0,1.42528,12.0512
layered + epistemic,bias 1.5,bias,1.5,2007,0.0102491,1.55209,1.89212,0.00153736,0.00318179,0.180236,2.21921,23.7752
layered + epistemic,bias 3.0,bias,3,2000,0.011952,1.38641,2.10711,0.00201489,0.00437543,1.30685,2.89988,16.0623
layered + epistemic,bias 3.0,bias,3,2001,0.0178932,1.48858,2.89886,0.00487771,0.00834719,0.747958,5.30898,17.7002
layered + epistemic,bias 3.0,bias,3,2002,0.0114534,1.45861,1.60021,0.001851,0.00380415,0.817559,2.47828,10.138
layered + epistemic,bias 3.0,bias,3,2003,0.0246508,1.60685,9.12494,0.00208179,0.00375269,0.246003,2.21509,12.8006
layered + epistemic,bias 3.0,bias,3,2004,0.013175,1.49981,1.5005,0.00142451,0.0036331,1.66703,2.48088,11.6283
layered + epistemic,bias 3.0,bias,3,2005,0.00883942,1.49866,1.44272,0.00198667,0.0041856,0.827486,2.95606,19.3744
layered + epistemic,bias 3.0,bias,3,2006,0.0176554,1.42088,2.87231,0.00203618,0.00331725,0.258332,2.02441,12.0512
layered + epistemic,bias 3.0,bias,3,2007,0.0173119,1.3753,3.36549,0.00253343,0.00515964,0.691034,3.34554,23.7752
layered + epistemic,noise 0.5,noise_inflation,0.5,2000,0.00815205,2.04515,2.16202,0.000604192,0.00140798,0.329893,1.01512,16.0623
layered + epistemic,noise 0.5,noise_inflation,0.5,2001,0.00990473,1.90127,2.03099,0.00128838,0.0029549,0.0357673,1.99802,17.7002
layered + epistemic,noise 0.5,noise_inflation,0.5,2002,0.00860481,2.30061,2.05534,0.00048866,0.00116582,0.0840845,0.874839,10.138
layered + epistemic,noise 0.5,noise_inflation,0.5,2003,0.00672005,2.27729,1.54004,0.000459213,0.00107156,0.0712143,0.834206,12.8006
layered + epistemic,noise 0.5,noise_inflation,0.5,2004,0.00912834,1.93356,1.91233,0.00062829,0.00150449,0.137805,1.05806,11.6283
layered + epistemic,noise 0.5,noise_inflation,0.5,2005,0.00873935,2.14542,2.1619,0.000704539,0.00163096,0.0356684,1.1657,19.3744
layered + epistemic,noise 0.5,noise_inflation,0.5,2006,0.00614692,2.41642,1.68379,0.000275406,0.000783117,0.0441708,0.597721,12.0512
layered + epistemic,noise 0.5,noise_inflation,0.5,2007,0.00587003,2.06022,1.28411,0.000616197,0.00144085,0.0134369,1.04927,23.7752
layered + epistemic,noise 1.5,noise_inflation,1.5,2000,0.00911419,2.0408,2.06985,0.000738364,0.0016416,2.83735,1.1861,16.0623
layered + epistemic,noise 1.5,noise_inflation,1.5,2001,0.0109702,2.20411,1.9614,0.00128099,0.00294431,1.68106,1.99702,17.7002
layered + epistemic,noise 1.5,noise_inflation,1.5,2002,0.0101787,2.56686,2.2877,0.000521324,0.00122438,1.97596,0.911616,10.138
layered + epistemic,noise 1.5,noise_inflation,1.5,2003,0.00772583,2.45997,1.61815,0.000491728,0.00112199,2.20809,0.867329,12.8006
layered + epistemic,noise 1.5,noise_inflation,1.5,2004,0.00915493,2.31068,1.71173,0.000668082,0.001606,1.5612,1.12781,11.6283
layered + epistemic,noise 1.5,noise_inflation,1.5,2005,0.00913072,2.22734,1.81456,0.000789092,0.00179305,2.03708,1.25322,19.3744
layered + epistemic,noise 1.5,noise_inflation,1.5,2006,0.00827784,2.71882,1.84171,0.000343105,0.000934604,1.85855,0.704802,12.0512
layered + epistemic,noise 1.5,noise_inflation,1.5,2007,0.00656895,2.37375,1.31324,0.000584151,0.00139189,1.65693,0.998332,23.7752
layered + epistemic,noise 3.0,noise_inflation,3,2000,0.0100921,2.05912,2.00212,0.000844962,0.00185093,10.3026,1.31251,16.0623
layered + epistemic,noise 3.0,noise_inflation,3,2001,0.011906,2.46752,1.91747,0.00131311,0.00300366,7.8981,2.02004,17.7002
layered + epistemic,noise 3.0,noise_inflation,3,2002,0.0116452,2.81193,2.3235,0.000651481,0.00147476,8.0505,1.0644,10.138
layered + epistemic,noise 3.0,noise_inflation,3,2003,0.00843346,2.74468,1.69314,0.000486115,0.00109783,9.77898,0.85147,12.8006
layered + epistemic,noise 3.0,noise_inflation,3,2004,0.0093346,2.60136,1.65887,0.000683611,0.00164913,7.00109,1.15956,11.6283
layered + epistemic,noise 3.0,noise_inflation,3,2005,0.00957932,2.25744,1.70913,0.000807934,0.00180975,9.15383,1.26489,19.3744
layered + epistemic,noise 3.0,noise_inflation,3,2006,0.00890287,2.90402,1.69543,0.000391786,0.00105437,8.46866,0.783782,12.0512
layered + epistemic,noise 3.0,noise_inflation,3,2007,0.00718853,2.63327,1.2966,0.000639422,0.00150514,7.48575,1.05493,23.7752
layered + epistemic,drift 3.0,drift,3,2000,0.00985998,2.16491,2.33972,0.000837302,0.00194893,0.026445,1.3302,16.0623
layered + epistemic,drift 3.0,drift,3,2001,0.0129434,1.56203,2.9308,0.00220461,0.0044651,0,3.02736,17.7002
layered + epistemic,drift 3.0,drift,3,2002,0.0127195,1.80237,2.55538,0.0016965,0.00331167,0,1.81075,10.138
layered + epistemic,drift 3.0,drift,3,2003,0.0134239,1.64581,4.36845,0.00125386,0.00226998,0,1.42406,12.8006
layered + epistemic,drift 3.0,drift,3,2004,0.0155705,1.45783,2.89882,0.00169318,0.00329138,0.0553755,1.82053,11.6283
layered + epistemic,drift 3.0,drift,3,2005,0.0115472,2.27972,4.75871,0.00108729,0.0024308,0.0486254,1.71549,19.3744
layered + epistemic,drift 3.0,drift,3,2006,0.0098934,1.56162,3.15235,0.00108823,0.00226693,0,1.17105,12.0512
layered + epistemic,drift 3.0,drift,3,2007,0.00958442,2.15416,2.34833,0.000988041,0.00223967,0.0217348,1.56011,23.7752
layered + epistemic,scale_error 3.0,scale_error,3,2000,0.0195584,2.70392,1.9748,0.00260604,0.00512373,653.545,3.39272,16.0623
layered + epistemic,scale_error 3.0,scale_error,3,2001,0.0317903,2.66942,2.46421,0.00710203,0.0118665,764.127,7.55769,32.0123
layered + epistemic,scale_error 3.0,scale_error,3,2002,0.046407,3.43263,5.52173,0.00400384,0.00710481,792.066,4.07758,102.534
layered + epistemic,scale_error 3.0,scale_error,3,2003,0.0243295,3.08649,2.61607,0.00245899,0.00552395,795.493,3.50654,12.8006
layered + epistemic,scale_error 3.0,scale_error,3,2004,0.0200126,2.96689,1.819,0.00187322,0.00473604,856.697,3.13793,11.6283
layered + epistemic,scale_error 3.0,scale_error,3,2005,0.0217093,2.67963,2.42093,0.00263417,0.00556109,678.69,3.81892,19.3744
layered + epistemic,scale_error 3.0,scale_error,3,2006,0.0196171,3.0596,1.78411,0.00183971,0.00474606,721.561,3.3425,12.0512
layered + epistemic,scale_error 3.0,scale_error,3,2007,0.0239538,2.60293,2.02332,0.00273442,0.00542783,695.049,3.54803,23.7752
layered + epistemic,stuck 0.5,stuck,0.5,2000,0.088935,5.67845,28.9597,0.0214913,0.0196875,2.72256,5.51066,23.1127
layered + epistemic,stuck 0.5,stuck,0.5,2001,0.179819,5.43136,30.9929,0.00607896,0.0115568,3.80838,5.85998,17.7002
layered + epistemic,stuck 0.5,stuck,0.5,2002,0.0535258,4.54284,26.3495,0.00610944,0.0114015,11.6201,2.77786,10.138
layered + epistemic,stuck 0.5,stuck,0.5,2003,0.283875,5.60008,178.005,0.00215771,0.00589806,1.6192,3.23203,12.8006
layered + epistemic,stuck 0.5,stuck,0.5,2004,0.121494,4.8499,25.234,0.0079337,0.012037,30.2249,4.22767,11.6283
layered + epistemic,stuck 0.5,stuck,0.5,2005,0.123935,6.83029,37.3486,0.00166542,0.00423545,40.6584,2.36364,19.3744
layered + epistemic,stuck 0.5,stuck,0.5,2006,0.0339643,3.33521,6.69836,0.0127847,0.0104743,2.45824,3.37578,12.0512
layered + epistemic,stuck 0.5,stuck,0.5,2007,0.139889,6.73878,29.9158,0.007147,0.0118595,92.4575,4.57362,23.7752
layered + epistemic,dropout 0.5,dropout,0.5,2000,0.0110786,2.14204,3.41815,0.000581196,0.00133469,0.00717268,0.978155,16.0623
layered + epistemic,dropout 0.5,dropout,0.5,2001,0.0115599,1.61815,2.87042,0.00145429,0.00324898,0,2.19516,17.7002
layered + epistemic,dropout 0.5,dropout,0.5,2002,0.00967554,1.94047,2.08606,0.000678015,0.00158244,0.00638752,1.14649,10.138
layered + epistemic,dropout 0.5,dropout,0.5,2003,0.00941773,2.03112,2.34977,0.0004946,0.00112537,0,0.883056,12.8006
layered + epistemic,dropout 0.5,dropout,0.5,2004,0.0100278,1.6942,2.3433,0.000509141,0.00124523,0.0367106,0.915461,11.6283
layered + epistemic,dropout 0.5,dropout,0.5,2005,0.0110021,2.14298,3.15856,0.000538792,0.00132073,0.00123374,0.964364,19.3744
layered + epistemic,dropout 0.5,dropout,0.5,2006,0.00720832,2.11932,1.98891,0.000278451,0.000791881,0,0.60542,12.0512
layered + epistemic,dropout 0.5,dropout,0.5,2007,0.00823317,1.83284,1.82129,0.000824081,0.00182934,7.04726e-05,1.32742,23.7752
