arm,condition,fraction,speed,nis,hit,false
analytic,healthy,0,0.00519421,2.9524,,
analytic,stuck 0.3,0.3,0.18252,446.524,,
analytic,stuck 0.5,0.5,0.221217,506.949,,
analytic + frozen detector,healthy,0,0.00583318,2.80682,,
analytic + frozen detector,stuck 0.3,0.3,0.00770458,1.7543,1,100.25
analytic + frozen detector,stuck 0.5,0.5,0.00770462,1.73493,1,72.875
layered,healthy,0,0.00757566,1.91989,,
layered,stuck 0.3,0.3,0.201804,11.7235,,
layered,stuck 0.5,0.5,0.181048,8.86806,,
layered + frozen detector,healthy,0,0.0080977,1.82173,,
layered + frozen detector,stuck 0.3,0.3,0.00936685,1.15414,1,100.25
layered + frozen detector,stuck 0.5,0.5,0.00857049,1.12817,1,72.875
