vehicle,device,healthy_peak,threshold,time_constant,healthy_median_peak,chosen
robot,left,5.344,8.016,1,1.514,False
robot,right,6.749,10.12,1,1.569,False
robot,gyro,4.851,7.277,1,1.254,False
robot,left,3.201,4.802,2,1.319,False
robot,right,3.815,5.722,2,1.29,False
robot,gyro,3.019,4.528,2,1.104,False
robot,left,2.139,3.209,5,1.032,True
robot,right,1.879,2.818,5,1.041,True
robot,gyro,1.677,2.516,5,0.9939,True
robot,left,1.577,2.366,10,0.9894,False
robot,right,1.465,2.198,10,0.9875,False
robot,gyro,1.341,2.011,10,0.9733,False
quad,accel,14.84,22.26,1,0.8587,False
quad,gyro,6.945,10.42,1,1.551,False
quad,mag,10.76,16.13,1,1.091,False
quad,accel,10.41,15.62,2,0.7925,True
quad,gyro,4.224,6.337,2,1.423,True
quad,mag,6.321,9.482,2,1.01,True
quad,accel,6.858,10.29,5,0.8569,False
quad,gyro,3.015,4.523,5,1.258,False
quad,mag,4.727,7.091,5,0.9301,False
quad,accel,4.085,6.127,10,0.9103,False
quad,gyro,2.517,3.776,10,1.172,False
quad,mag,3.194,4.791,10,0.9388,False
