arm,condition,mode,severity,moment,trained,attitude_rmse_deg,nis
analytic + best const R,healthy,none,0,none,True,0.91227,12.7703
analytic + best const R,bias 0.5,bias,0.5,first,True,0.925226,13.2494
analytic + best const R,bias 1.5,bias,1.5,first,True,1.31984,17.0688
analytic + best const R,bias 3.0,bias,3,first,True,2.22853,30.0407
analytic + best const R,noise 0.5,noise_inflation,0.5,second,True,0.918852,13.524
analytic + best const R,noise 1.5,noise_inflation,1.5,second,True,0.94033,19.4222
analytic + best const R,noise 3.0,noise_inflation,3,second,True,0.990856,39.2466
adaptive R (Mehra),healthy,none,0,none,True,0.898961,9.98645
adaptive R (Mehra),bias 0.5,bias,0.5,first,True,1.0371,10.0854
adaptive R (Mehra),bias 1.5,bias,1.5,first,True,1.68994,10.8901
adaptive R (Mehra),bias 3.0,bias,3,first,True,2.85031,13.3919
adaptive R (Mehra),noise 0.5,noise_inflation,0.5,second,True,0.959849,10.1547
adaptive R (Mehra),noise 1.5,noise_inflation,1.5,second,True,1.22938,11.3926
adaptive R (Mehra),noise 3.0,noise_inflation,3,second,True,1.56003,15.4509
health-conditioned,healthy,none,0,none,True,0.709099,10.031
health-conditioned,bias 0.5,bias,0.5,first,True,0.780515,10.1154
health-conditioned,bias 1.5,bias,1.5,first,True,0.882693,10.4399
health-conditioned,bias 3.0,bias,3,first,True,0.939917,10.6941
health-conditioned,noise 0.5,noise_inflation,0.5,second,True,0.728146,10.7
health-conditioned,noise 1.5,noise_inflation,1.5,second,True,0.754613,15.8261
health-conditioned,noise 3.0,noise_inflation,3,second,True,0.806003,32.0598
layered,healthy,none,0,none,True,0.677477,8.69509
layered,bias 0.5,bias,0.5,first,True,0.696132,8.63111
layered,bias 1.5,bias,1.5,first,True,0.779767,8.42473
layered,bias 3.0,bias,3,first,True,1.01911,8.12805
layered,noise 0.5,noise_inflation,0.5,second,True,0.699164,8.96695
layered,noise 1.5,noise_inflation,1.5,second,True,0.81322,9.42795
layered,noise 3.0,noise_inflation,3,second,True,1.08773,9.9898
