device,arm,condition,mode,severity,seed,attitude_rmse_deg,nis,epi_share,unm_share,novelty_accel,novelty_peak_accel,novelty_gyro,novelty_peak_gyro,novelty_mag,novelty_peak_mag
accel,layered,healthy,none,0,400,0.716566,8.64518,0,3.04674,1,1,1,1,1,1
accel,layered,healthy,none,0,401,0.722978,8.62488,0,17.8931,1,1,1,1,1,1
accel,layered,healthy,none,0,402,0.448133,8.50848,0,3.17568,1,1,1,1,1,1
accel,layered,healthy,none,0,403,0.951787,9.56502,0,6.38394,1,1,1,1,1,1
accel,layered,healthy,none,0,404,1.07211,8.55573,0,0.504343,1,1,1,1,1,1
accel,layered,healthy,none,0,405,0.746514,7.95521,0,9.65225,1,1,1,1,1,1
accel,layered,healthy,none,0,406,0.450484,8.47514,0,17.4579,1,1,1,1,1,1
accel,layered,healthy,none,0,407,0.417927,9.49698,0,20.9754,1,1,1,1,1,1
accel,layered + epistemic,healthy,none,0,400,0.712806,8.61531,0.0240287,3.05151,2.62518,25.4922,1.79739,22.3915,1.81158,30.9452
accel,layered + epistemic,healthy,none,0,401,0.724405,8.58757,0.0246543,17.9124,2.20967,16.415,1.7632,14.3419,2.16851,20.2371
accel,layered + epistemic,healthy,none,0,402,0.445299,8.50105,0.0119174,3.18407,0.434945,4.50516,0.924845,3.91164,0.550698,7.085
accel,layered + epistemic,healthy,none,0,403,0.943216,9.54765,0.0165161,6.40183,1.45326,9.17904,1.1892,5.12998,0.992812,8.64499
accel,layered + epistemic,healthy,none,0,404,0.983281,8.43698,0.0378923,0.465506,5.85472,19.8098,3.16621,7.32334,4.37575,10.8583
accel,layered + epistemic,healthy,none,0,405,0.746262,7.91919,0.0243255,9.68425,1.87673,4.77821,1.55758,4.04034,1.74619,7.64319
accel,layered + epistemic,healthy,none,0,406,0.447543,8.4659,0.0127343,17.4839,0.616025,5.18403,0.985325,3.97196,0.548652,6.41642
accel,layered + epistemic,healthy,none,0,407,0.416998,9.48704,0.012197,21.0074,0.59965,2.07739,0.896569,1.85254,0.609031,2.71159
accel,layered,bias 0.5,bias,0.5,400,0.755021,8.69321,0,2.967,1,1,1,1,1,1
accel,layered,bias 0.5,bias,0.5,401,0.764421,8.53617,0,17.9679,1,1,1,1,1,1
accel,layered,bias 0.5,bias,0.5,402,0.532981,8.4663,0,3.16423,1,1,1,1,1,1
accel,layered,bias 0.5,bias,0.5,403,1.03215,9.39483,0,6.3548,1,1,1,1,1,1
accel,layered,bias 0.5,bias,0.5,404,0.713981,8.36474,0,0.437922,1,1,1,1,1,1
accel,layered,bias 0.5,bias,0.5,405,0.859352,8.03276,0,10.1886,1,1,1,1,1,1
accel,layered,bias 0.5,bias,0.5,406,0.47604,8.36254,0,17.5225,1,1,1,1,1,1
accel,layered,bias 0.5,bias,0.5,407,0.488908,9.38915,0,21.1601,1,1,1,1,1,1
accel,layered + epistemic,bias 0.5,bias,0.5,400,0.751429,8.66614,0.023776,2.97067,2.59432,24.6465,1.76394,21.5585,1.7911,29.6334
accel,layered + epistemic,bias 0.5,bias,0.5,401,0.764249,8.50055,0.0260533,17.9857,2.27781,15.788,1.87438,13.703,2.31147,19.3365
accel,layered + epistemic,bias 0.5,bias,0.5,402,0.528998,8.45831,0.0124316,3.17274,0.489123,3.85119,0.95142,3.49871,0.59727,5.96547
accel,layered + epistemic,bias 0.5,bias,0.5,403,1.02536,9.38,0.0163034,6.37034,1.45313,8.44999,1.17185,4.74206,0.965233,8.0541
accel,layered + epistemic,bias 0.5,bias,0.5,404,0.678538,8.30612,0.0342061,0.419341,5.30216,19.3027,2.86076,6.02982,3.91663,10.4367
accel,layered + epistemic,bias 0.5,bias,0.5,405,0.859157,8.00435,0.0211769,10.2174,1.65905,4.39455,1.38576,3.38839,1.53178,6.4576
accel,layered + epistemic,bias 0.5,bias,0.5,406,0.473357,8.35347,0.0126056,17.5487,0.622055,4.47928,0.986481,3.46034,0.548965,5.41645
accel,layered + epistemic,bias 0.5,bias,0.5,407,0.487966,9.37997,0.012257,21.193,0.594249,1.92128,0.898933,1.91522,0.619654,2.46006
accel,layered,bias 1.5,bias,1.5,400,0.918192,8.73059,0,2.98336,1,1,1,1,1,1
accel,layered,bias 1.5,bias,1.5,401,1.07679,8.14534,0,18.2082,1,1,1,1,1,1
accel,layered,bias 1.5,bias,1.5,402,0.527635,8.2101,0,3.24112,1,1,1,1,1,1
accel,layered,bias 1.5,bias,1.5,403,1.04239,9.0212,0,6.3413,1,1,1,1,1,1
accel,layered,bias 1.5,bias,1.5,404,0.740273,8.28522,0,0.594412,1,1,1,1,1,1
accel,layered,bias 1.5,bias,1.5,405,0.988195,8.1425,0,10.9153,1,1,1,1,1,1
accel,layered,bias 1.5,bias,1.5,406,0.507539,7.99542,0,17.014,1,1,1,1,1,1
accel,layered,bias 1.5,bias,1.5,407,0.48449,9.0555,0,21.5129,1,1,1,1,1,1
accel,layered + epistemic,bias 1.5,bias,1.5,400,0.912414,8.70476,0.0226464,2.98326,2.50137,24.2392,1.64542,15.1394,1.68426,25.9584
accel,layered + epistemic,bias 1.5,bias,1.5,401,1.0739,8.1045,0.0329981,18.23,2.55597,15.6458,2.32189,12.9715,2.88749,19.2551
accel,layered + epistemic,bias 1.5,bias,1.5,402,0.525046,8.20187,0.0155877,3.24992,0.723772,3.3084,1.1593,2.98659,0.816701,4.45493
accel,layered + epistemic,bias 1.5,bias,1.5,403,1.03714,9.00686,0.0189314,6.35753,1.68329,6.70192,1.42819,4.17282,1.09219,6.74133
accel,layered + epistemic,bias 1.5,bias,1.5,404,0.715929,8.22823,0.0350145,0.571205,5.41677,19.8971,2.79063,5.81182,3.95159,10.3903
accel,layered + epistemic,bias 1.5,bias,1.5,405,0.985384,8.11936,0.0211815,10.9478,1.60543,4.83287,1.39925,3.20523,1.56674,5.93091
accel,layered + epistemic,bias 1.5,bias,1.5,406,0.504358,7.98506,0.0153264,17.0316,0.885414,4.13326,1.21842,3.00163,0.737213,4.53755
accel,layered + epistemic,bias 1.5,bias,1.5,407,0.48396,9.04724,0.0110797,21.5465,0.521597,1.77741,0.846606,1.62755,0.553442,1.32837
accel,layered,bias 3.0,bias,3,400,1.10425,8.56699,0,3.12728,1,1,1,1,1,1
accel,layered,bias 3.0,bias,3,401,1.42192,7.80808,0,18.3454,1,1,1,1,1,1
accel,layered,bias 3.0,bias,3,402,0.718335,7.89379,0,3.59307,1,1,1,1,1,1
accel,layered,bias 3.0,bias,3,403,1.17105,8.57389,0,6.24443,1,1,1,1,1,1
accel,layered,bias 3.0,bias,3,404,1.03095,8.09557,0,1.0796,1,1,1,1,1,1
accel,layered,bias 3.0,bias,3,405,1.55113,8.13302,0,11.5097,1,1,1,1,1,1
accel,layered,bias 3.0,bias,3,406,0.467823,7.45485,0,17.5365,1,1,1,1,1,1
accel,layered,bias 3.0,bias,3,407,0.74909,8.7269,0,21.2656,1,1,1,1,1,1
accel,layered + epistemic,bias 3.0,bias,3,400,1.0933,8.54633,0.0268987,3.12571,2.78882,30.9079,1.89969,15.5709,2.03437,31.6513
accel,layered + epistemic,bias 3.0,bias,3,401,1.41397,7.74052,0.0448303,18.3747,3.16736,13.9507,2.87755,10.8174,4.77856,18.367
accel,layered + epistemic,bias 3.0,bias,3,402,0.719819,7.88039,0.0237927,3.60543,1.26243,7.57182,1.71981,7.30138,1.36138,11.9317
accel,layered + epistemic,bias 3.0,bias,3,403,1.16742,8.55675,0.0285167,6.26205,2.44331,6.60299,2.10823,4.07697,1.80502,5.44049
accel,layered + epistemic,bias 3.0,bias,3,404,1.00054,8.02814,0.043817,1.0406,6.33928,22.5627,3.14982,6.32407,4.53363,12.7583
accel,layered + epistemic,bias 3.0,bias,3,405,1.54196,8.11808,0.0235035,11.5412,1.56019,4.02113,1.63268,3.4078,1.62379,4.87819
accel,layered + epistemic,bias 3.0,bias,3,406,0.468231,7.44122,0.0207696,17.5687,1.23753,3.31258,1.68503,2.86461,1.08592,3.42452
accel,layered + epistemic,bias 3.0,bias,3,407,0.747612,8.71298,0.0205894,21.311,0.947812,2.52279,1.59596,2.55203,1.31489,2.04788
accel,layered,noise 0.5,noise_inflation,0.5,400,0.770436,8.74348,0,3.1089,1,1,1,1,1,1
accel,layered,noise 0.5,noise_inflation,0.5,401,0.725232,8.90127,0,17.9052,1,1,1,1,1,1
accel,layered,noise 0.5,noise_inflation,0.5,402,0.514082,8.82381,0,3.21696,1,1,1,1,1,1
accel,layered,noise 0.5,noise_inflation,0.5,403,0.97211,9.67601,0,6.43793,1,1,1,1,1,1
accel,layered,noise 0.5,noise_inflation,0.5,404,1.03633,8.74394,0,0.570884,1,1,1,1,1,1
accel,layered,noise 0.5,noise_inflation,0.5,405,0.713241,8.3818,0,9.57765,1,1,1,1,1,1
accel,layered,noise 0.5,noise_inflation,0.5,406,0.466218,8.99666,0,17.7052,1,1,1,1,1,1
accel,layered,noise 0.5,noise_inflation,0.5,407,0.463525,9.65803,0,20.9137,1,1,1,1,1,1
accel,layered + epistemic,noise 0.5,noise_inflation,0.5,400,0.76679,8.72132,0.0241763,3.11303,2.62725,25.452,1.80833,22.3034,1.82087,30.893
accel,layered + epistemic,noise 0.5,noise_inflation,0.5,401,0.72614,8.87283,0.0245758,17.9243,2.21569,16.3987,1.75701,14.3105,2.16801,20.2161
accel,layered + epistemic,noise 0.5,noise_inflation,0.5,402,0.510529,8.81742,0.0118562,3.22536,0.432826,4.12737,0.921655,3.66864,0.544652,6.51179
accel,layered + epistemic,noise 0.5,noise_inflation,0.5,403,0.962697,9.66101,0.0165843,6.45611,1.45722,9.1091,1.19218,4.97322,1.00613,8.58823
accel,layered + epistemic,noise 0.5,noise_inflation,0.5,404,0.988286,8.67577,0.0357362,0.54482,5.57874,19.7336,3.04552,6.28484,4.13515,10.9304
accel,layered + epistemic,noise 0.5,noise_inflation,0.5,405,0.713473,8.34755,0.0245778,9.61212,1.91309,4.60987,1.56657,4.10577,1.77325,7.76262
accel,layered + epistemic,noise 0.5,noise_inflation,0.5,406,0.46325,8.98972,0.0127089,17.7315,0.615969,5.25989,0.983495,4.01914,0.547984,6.49268
accel,layered + epistemic,noise 0.5,noise_inflation,0.5,407,0.462146,9.64996,0.0123692,20.9466,0.608057,2.10497,0.906159,1.87669,0.621871,2.86217
accel,layered,noise 1.5,noise_inflation,1.5,400,1.01201,8.87712,0,3.76879,1,1,1,1,1,1
accel,layered,noise 1.5,noise_inflation,1.5,401,0.845599,9.26466,0,18.0976,1,1,1,1,1,1
accel,layered,noise 1.5,noise_inflation,1.5,402,0.393716,9.17411,0,3.78578,1,1,1,1,1,1
accel,layered,noise 1.5,noise_inflation,1.5,403,1.17561,10.2304,0,6.96269,1,1,1,1,1,1
accel,layered,noise 1.5,noise_inflation,1.5,404,1.10888,9.17577,0,1.05802,1,1,1,1,1,1
accel,layered,noise 1.5,noise_inflation,1.5,405,0.781486,9.03763,0,9.59,1,1,1,1,1,1
accel,layered,noise 1.5,noise_inflation,1.5,406,0.529073,9.70087,0,18.2303,1,1,1,1,1,1
accel,layered,noise 1.5,noise_inflation,1.5,407,0.735225,10.1092,0,21.0918,1,1,1,1,1,1
accel,layered + epistemic,noise 1.5,noise_inflation,1.5,400,1.00937,8.86023,0.0245724,3.7726,2.64053,25.3331,1.83657,22.1181,1.86205,30.7378
accel,layered + epistemic,noise 1.5,noise_inflation,1.5,401,0.846305,9.24418,0.0250913,18.115,2.20757,16.7589,1.78889,14.6388,2.19361,20.6066
accel,layered + epistemic,noise 1.5,noise_inflation,1.5,402,0.389349,9.16866,0.0121848,3.79371,0.442215,4.34673,0.945925,3.81478,0.554042,6.95137
accel,layered + epistemic,noise 1.5,noise_inflation,1.5,403,1.16653,10.2167,0.0167299,6.97934,1.4687,9.08134,1.19605,4.96265,1.03639,8.5486
accel,layered + epistemic,noise 1.5,noise_inflation,1.5,404,1.05629,9.11787,0.0357012,1.03103,5.56212,19.9719,3.04164,6.36702,4.11285,11.0179
accel,layered + epistemic,noise 1.5,noise_inflation,1.5,405,0.778706,9.01929,0.0258661,9.62448,1.99758,5.03882,1.62803,4.27901,1.861,8.09406
accel,layered + epistemic,noise 1.5,noise_inflation,1.5,406,0.526238,9.69486,0.0128183,18.2573,0.622657,5.53856,0.990509,4.18472,0.557532,6.75886
accel,layered + epistemic,noise 1.5,noise_inflation,1.5,407,0.732981,10.1018,0.0126067,21.1297,0.62178,2.19959,0.922338,1.98275,0.634835,2.98918
accel,layered,noise 3.0,noise_inflation,3,400,1.65705,9.10763,0,6.03364,1,1,1,1,1,1
accel,layered,noise 3.0,noise_inflation,3,401,1.05149,9.7113,0,19.5814,1,1,1,1,1,1
accel,layered,noise 3.0,noise_inflation,3,402,0.445939,9.6273,0,5.75316,1,1,1,1,1,1
accel,layered,noise 3.0,noise_inflation,3,403,1.61617,11.0598,0,8.77437,1,1,1,1,1,1
accel,layered,noise 3.0,noise_inflation,3,404,1.18635,9.8301,0,2.61087,1,1,1,1,1,1
accel,layered,noise 3.0,noise_inflation,3,405,1.09339,9.58299,0,10.7334,1,1,1,1,1,1
accel,layered,noise 3.0,noise_inflation,3,406,0.670994,10.3987,0,19.8428,1,1,1,1,1,1
accel,layered,noise 3.0,noise_inflation,3,407,1.05649,10.7355,0,22.704,1,1,1,1,1,1
accel,layered + epistemic,noise 3.0,noise_inflation,3,400,1.65049,9.09021,0.0249344,6.04404,2.61461,23.5058,1.84656,20.0965,1.92009,29.0517
accel,layered + epistemic,noise 3.0,noise_inflation,3,401,1.05205,9.69245,0.0259336,19.5982,2.18281,17.1111,1.83682,15.0271,2.2253,21.0043
accel,layered + epistemic,noise 3.0,noise_inflation,3,402,0.444357,9.6213,0.0126926,5.76065,0.487991,5.08229,0.968253,4.28185,0.60614,8.11129
accel,layered + epistemic,noise 3.0,noise_inflation,3,403,1.60323,11.0452,0.0169023,8.7891,1.49127,8.87807,1.19516,5.33431,1.07856,8.55837
accel,layered + epistemic,noise 3.0,noise_inflation,3,404,1.13724,9.78536,0.0359458,2.5888,5.52677,20.0853,3.01671,6.41452,4.09952,10.9982
accel,layered + epistemic,noise 3.0,noise_inflation,3,405,1.09176,9.56431,0.0277522,10.7533,2.05114,5.80438,1.74233,4.64315,1.96769,8.83725
accel,layered + epistemic,noise 3.0,noise_inflation,3,406,0.667979,10.3922,0.0131035,19.8711,0.633399,5.68678,1.00991,4.34015,0.575509,6.8996
accel,layered + epistemic,noise 3.0,noise_inflation,3,407,1.05474,10.7274,0.0130737,22.7574,0.651029,2.30883,0.958682,2.09189,0.660671,2.8678
accel,layered,drift 3.0,drift,3,400,1.18299,9.38071,0,3.00591,1,1,1,1,1,1
accel,layered,drift 3.0,drift,3,401,1.16834,9.19136,0,18.1261,1,1,1,1,1,1
accel,layered,drift 3.0,drift,3,402,0.594583,8.796,0,3.24411,1,1,1,1,1,1
accel,layered,drift 3.0,drift,3,403,1.25991,9.91997,0,6.25441,1,1,1,1,1,1
accel,layered,drift 3.0,drift,3,404,0.759422,8.97443,0,0.603803,1,1,1,1,1,1
accel,layered,drift 3.0,drift,3,405,1.52208,8.44765,0,9.98426,1,1,1,1,1,1
accel,layered,drift 3.0,drift,3,406,0.703512,8.81601,0,17.7409,1,1,1,1,1,1
accel,layered,drift 3.0,drift,3,407,0.844089,10.0092,0,21.2455,1,1,1,1,1,1
accel,layered + epistemic,drift 3.0,drift,3,400,1.17824,9.35464,0.0242331,3.00804,2.46875,20.5621,1.7312,16.7913,1.77551,24.0637
accel,layered + epistemic,drift 3.0,drift,3,401,1.16732,9.16027,0.0269809,18.14,2.29951,16.2035,1.9095,14.1236,2.44531,19.8704
accel,layered + epistemic,drift 3.0,drift,3,402,0.594422,8.78836,0.0136178,3.25289,0.556192,3.63795,1.03517,3.37428,0.663282,5.69725
accel,layered + epistemic,drift 3.0,drift,3,403,1.25328,9.90452,0.0175595,6.26967,1.52115,9.10396,1.26824,4.73109,1.04318,8.58687
accel,layered + epistemic,drift 3.0,drift,3,404,0.744309,8.92013,0.0340253,0.578998,5.22782,19.3012,2.78003,5.77472,3.84903,10.2035
accel,layered + epistemic,drift 3.0,drift,3,405,1.51935,8.41544,0.0225577,10.0155,1.68231,4.50095,1.45775,3.69389,1.5922,7.09842
accel,layered + epistemic,drift 3.0,drift,3,406,0.701024,8.80642,0.013695,17.7677,0.715997,4.38861,1.07294,3.43853,0.646761,5.3486
accel,layered + epistemic,drift 3.0,drift,3,407,0.839463,9.99803,0.0115356,21.2806,0.547807,1.78892,0.8539,1.64846,0.597149,2.12537
accel,layered,scale_error 3.0,scale_error,3,400,2.97415,12.6209,0,55.0077,1,1,1,1,1,1
accel,layered,scale_error 3.0,scale_error,3,401,3.54936,12.0688,0,47.0575,1,1,1,1,1,1
accel,layered,scale_error 3.0,scale_error,3,402,3.56552,10.5749,0,38.5106,1,1,1,1,1,1
accel,layered,scale_error 3.0,scale_error,3,403,3.69162,13.0158,0,70.4574,1,1,1,1,1,1
accel,layered,scale_error 3.0,scale_error,3,404,2.93723,12.7354,0,55.9067,1,1,1,1,1,1
accel,layered,scale_error 3.0,scale_error,3,405,2.2446,12.2636,0,55.8727,1,1,1,1,1,1
accel,layered,scale_error 3.0,scale_error,3,406,1.50733,10.5557,0,76.7856,1,1,1,1,1,1
accel,layered,scale_error 3.0,scale_error,3,407,1.36586,11.2479,0,72.14,1,1,1,1,1,1
accel,layered + epistemic,scale_error 3.0,scale_error,3,400,2.9765,12.5712,0.038027,54.6894,3.57466,44.5343,2.20099,17.4939,3.60137,43.5417
accel,layered + epistemic,scale_error 3.0,scale_error,3,401,3.54048,12.0094,0.0609348,47.1323,4.35967,36.3216,3.44614,29.7439,4.47218,49.663
accel,layered + epistemic,scale_error 3.0,scale_error,3,402,3.55106,10.5373,0.0410124,38.7047,2.1172,18.0434,2.6361,17.4919,2.79862,31.1831
accel,layered + epistemic,scale_error 3.0,scale_error,3,403,3.695,12.987,0.0257302,70.4293,2.09403,12.0441,1.7493,6.75098,1.95535,12.6851
accel,layered + epistemic,scale_error 3.0,scale_error,3,404,2.90959,12.68,0.0577509,55.7677,8.03844,25.0623,3.92179,15.2242,6.30672,24.1745
accel,layered + epistemic,scale_error 3.0,scale_error,3,405,2.25846,12.2379,0.0248076,55.9102,2.26196,5.45492,1.53076,3.31035,1.83486,6.04986
accel,layered + epistemic,scale_error 3.0,scale_error,3,406,1.50295,10.5341,0.0259499,76.8113,1.50071,8.02998,1.82449,5.81959,1.65538,9.20324
accel,layered + epistemic,scale_error 3.0,scale_error,3,407,1.36682,11.2279,0.027274,72.1736,1.75053,4.10125,1.98656,5.55446,1.93724,7.3771
accel,layered,stuck 0.5,stuck,0.5,400,3.96574,13.6441,0,6.13643,1,1,1,1,1,1
accel,layered,stuck 0.5,stuck,0.5,401,1.58042,14.1886,0,20.8579,1,1,1,1,1,1
accel,layered,stuck 0.5,stuck,0.5,402,1.05761,12.3152,0,5.06511,1,1,1,1,1,1
accel,layered,stuck 0.5,stuck,0.5,403,3.41919,13.941,0,15.546,1,1,1,1,1,1
accel,layered,stuck 0.5,stuck,0.5,404,0.877561,14.6225,0,11.5577,1,1,1,1,1,1
accel,layered,stuck 0.5,stuck,0.5,405,1.66546,11.5407,0,10.318,1,1,1,1,1,1
accel,layered,stuck 0.5,stuck,0.5,406,2.03131,11.8282,0,17.6402,1,1,1,1,1,1
accel,layered,stuck 0.5,stuck,0.5,407,1.18666,12.731,0,20.9348,1,1,1,1,1,1
accel,layered + epistemic,stuck 0.5,stuck,0.5,400,3.97689,13.6013,0.0270016,6.12586,2.25724,18.4763,1.83997,12.8034,2.07714,25.0148
accel,layered + epistemic,stuck 0.5,stuck,0.5,401,1.59246,14.1636,0.0248787,20.8575,2.22758,16.415,1.74575,14.3419,2.21925,20.2371
accel,layered + epistemic,stuck 0.5,stuck,0.5,402,1.06137,12.3054,0.0140705,5.06816,0.581844,4.50516,1.04718,3.91164,0.744534,7.085
accel,layered + epistemic,stuck 0.5,stuck,0.5,403,3.42286,13.9404,0.0170061,15.5464,1.50152,9.17904,1.23957,4.75988,1.0914,8.64499
accel,layered + epistemic,stuck 0.5,stuck,0.5,404,0.806922,14.5248,0.0340841,11.53,5.22301,17.8446,2.88609,6.25309,3.89446,9.47551
accel,layered + epistemic,stuck 0.5,stuck,0.5,405,1.6667,11.5032,0.0253115,10.3438,1.90995,4.13663,1.6074,4.04034,1.73241,7.64319
accel,layered + epistemic,stuck 0.5,stuck,0.5,406,2.02865,11.8193,0.0139674,17.6596,0.63753,5.18403,1.08072,3.97196,0.641563,6.41642
accel,layered + epistemic,stuck 0.5,stuck,0.5,407,1.19038,12.7201,0.0140342,20.9573,0.711169,2.30959,1.02165,2.55497,0.761863,3.75415
accel,layered,dropout 0.5,dropout,0.5,400,0.892684,8.74377,0,3.01602,1,1,1,1,1,1
accel,layered,dropout 0.5,dropout,0.5,401,0.787068,8.7866,0,18.4646,1,1,1,1,1,1
accel,layered,dropout 0.5,dropout,0.5,402,0.466641,8.69562,0,3.24517,1,1,1,1,1,1
accel,layered,dropout 0.5,dropout,0.5,403,1.01381,9.8316,0,6.50241,1,1,1,1,1,1
accel,layered,dropout 0.5,dropout,0.5,404,0.980714,8.74733,0,0.483098,1,1,1,1,1,1
accel,layered,dropout 0.5,dropout,0.5,405,0.870398,8.28316,0,9.72957,1,1,1,1,1,1
accel,layered,dropout 0.5,dropout,0.5,406,0.507816,8.8572,0,18.6246,1,1,1,1,1,1
accel,layered,dropout 0.5,dropout,0.5,407,0.528531,9.84389,0,21.4399,1,1,1,1,1,1
accel,layered + epistemic,dropout 0.5,dropout,0.5,400,0.889647,8.7158,0.0241773,3.01986,2.61485,24.587,1.80426,21.5557,1.81808,29.8873
accel,layered + epistemic,dropout 0.5,dropout,0.5,401,0.787189,8.75297,0.0248498,18.4834,2.23687,15.6413,1.78776,13.752,2.18185,19.4867
accel,layered + epistemic,dropout 0.5,dropout,0.5,402,0.464122,8.68837,0.0119478,3.25356,0.436422,5.2131,0.927808,4.35077,0.555522,8.08529
accel,layered + epistemic,dropout 0.5,dropout,0.5,403,1.00714,9.81588,0.0162479,6.51868,1.4235,8.82165,1.17203,4.59866,0.951112,8.31262
accel,layered + epistemic,dropout 0.5,dropout,0.5,404,0.942106,8.69408,0.0344044,0.46474,5.36492,19.1183,2.95138,6.19607,3.96847,10.4538
accel,layered + epistemic,dropout 0.5,dropout,0.5,405,0.8696,8.24567,0.0245456,9.75567,1.94124,4.67605,1.55213,4.21601,1.7716,7.89489
accel,layered + epistemic,dropout 0.5,dropout,0.5,406,0.506119,8.84924,0.0127232,18.6525,0.624273,5.30207,0.980623,4.01583,0.555388,6.52197
accel,layered + epistemic,dropout 0.5,dropout,0.5,407,0.528131,9.83653,0.0119524,21.4734,0.58952,2.08074,0.879969,1.91678,0.593616,2.48017
mag,layered,healthy,none,0,400,0.716566,8.64518,0,3.04674,1,1,1,1,1,1
mag,layered,healthy,none,0,401,0.722978,8.62488,0,17.8931,1,1,1,1,1,1
mag,layered,healthy,none,0,402,0.448133,8.50848,0,3.17568,1,1,1,1,1,1
mag,layered,healthy,none,0,403,0.951787,9.56502,0,6.38394,1,1,1,1,1,1
mag,layered,healthy,none,0,404,1.07211,8.55573,0,0.504343,1,1,1,1,1,1
mag,layered,healthy,none,0,405,0.746514,7.95521,0,9.65225,1,1,1,1,1,1
mag,layered,healthy,none,0,406,0.450484,8.47514,0,17.4579,1,1,1,1,1,1
mag,layered,healthy,none,0,407,0.417927,9.49698,0,20.9754,1,1,1,1,1,1
mag,layered + epistemic,healthy,none,0,400,0.712806,8.61531,0.0240287,3.05151,2.62518,25.4922,1.79739,22.3915,1.81158,30.9452
mag,layered + epistemic,healthy,none,0,401,0.724405,8.58757,0.0246543,17.9124,2.20967,16.415,1.7632,14.3419,2.16851,20.2371
mag,layered + epistemic,healthy,none,0,402,0.445299,8.50105,0.0119174,3.18407,0.434945,4.50516,0.924845,3.91164,0.550698,7.085
mag,layered + epistemic,healthy,none,0,403,0.943216,9.54765,0.0165161,6.40183,1.45326,9.17904,1.1892,5.12998,0.992812,8.64499
mag,layered + epistemic,healthy,none,0,404,0.983281,8.43698,0.0378923,0.465506,5.85472,19.8098,3.16621,7.32334,4.37575,10.8583
mag,layered + epistemic,healthy,none,0,405,0.746262,7.91919,0.0243255,9.68425,1.87673,4.77821,1.55758,4.04034,1.74619,7.64319
mag,layered + epistemic,healthy,none,0,406,0.447543,8.4659,0.0127343,17.4839,0.616025,5.18403,0.985325,3.97196,0.548652,6.41642
mag,layered + epistemic,healthy,none,0,407,0.416998,9.48704,0.012197,21.0074,0.59965,2.07739,0.896569,1.85254,0.609031,2.71159
mag,layered,bias 0.5,bias,0.5,400,0.905525,8.66381,0,2.99495,1,1,1,1,1,1
mag,layered,bias 0.5,bias,0.5,401,0.848867,8.80952,0,18.1785,1,1,1,1,1,1
mag,layered,bias 0.5,bias,0.5,402,0.35686,8.50896,0,3.1364,1,1,1,1,1,1
mag,layered,bias 0.5,bias,0.5,403,0.849633,9.44335,0,6.40221,1,1,1,1,1,1
mag,layered,bias 0.5,bias,0.5,404,1.15173,8.46924,0,0.418751,1,1,1,1,1,1
mag,layered,bias 0.5,bias,0.5,405,0.795078,7.91968,0,9.17294,1,1,1,1,1,1
mag,layered,bias 0.5,bias,0.5,406,0.396076,8.23364,0,17.4658,1,1,1,1,1,1
mag,layered,bias 0.5,bias,0.5,407,0.368441,9.37131,0,20.7157,1,1,1,1,1,1
mag,layered + epistemic,bias 0.5,bias,0.5,400,0.900627,8.63567,0.0243414,2.9991,2.68752,24.8457,1.7908,21.7609,1.87769,30.2204
mag,layered + epistemic,bias 0.5,bias,0.5,401,0.848495,8.76406,0.0329443,18.1952,2.5046,17.0415,2.41178,15.1164,2.68311,21.0223
mag,layered + epistemic,bias 0.5,bias,0.5,402,0.355398,8.50056,0.0133243,3.14489,0.534441,5.4985,1.00005,4.42281,0.66499,8.62394
mag,layered + epistemic,bias 0.5,bias,0.5,403,0.843359,9.42766,0.0163115,6.41832,1.4424,8.67481,1.17125,5.34654,1.00093,8.25002
mag,layered + epistemic,bias 0.5,bias,0.5,404,1.10934,8.40578,0.03525,0.401358,5.54882,20.2374,2.97626,6.31178,4.0683,11.1287
mag,layered + epistemic,bias 0.5,bias,0.5,405,0.793367,7.87525,0.0271075,9.2075,2.17201,5.70909,1.67757,4.63455,1.94789,8.78751
mag,layered + epistemic,bias 0.5,bias,0.5,406,0.394847,8.22509,0.0128499,17.4924,0.677158,6.1012,0.985954,4.36705,0.60498,7.25085
mag,layered + epistemic,bias 0.5,bias,0.5,407,0.368307,9.35935,0.0138806,20.7512,0.708673,2.39266,0.993712,2.43538,0.778037,3.95301
mag,layered,bias 1.5,bias,1.5,400,1.1463,8.60062,0,2.95419,1,1,1,1,1,1
mag,layered,bias 1.5,bias,1.5,401,0.993396,8.84976,0,18.567,1,1,1,1,1,1
mag,layered,bias 1.5,bias,1.5,402,0.742955,8.4067,0,3.17955,1,1,1,1,1,1
mag,layered,bias 1.5,bias,1.5,403,1.07911,9.21683,0,6.48096,1,1,1,1,1,1
mag,layered,bias 1.5,bias,1.5,404,2.10566,8.53753,0,0.669962,1,1,1,1,1,1
mag,layered,bias 1.5,bias,1.5,405,0.75078,8.35963,0,10.1175,1,1,1,1,1,1
mag,layered,bias 1.5,bias,1.5,406,0.354156,7.91309,0,17.1988,1,1,1,1,1,1
mag,layered,bias 1.5,bias,1.5,407,0.423209,9.3901,0,20.6515,1,1,1,1,1,1
mag,layered + epistemic,bias 1.5,bias,1.5,400,1.14001,8.56481,0.028632,2.9544,2.76178,23.2751,1.95761,15.5706,2.37503,26.2433
mag,layered + epistemic,bias 1.5,bias,1.5,401,0.990496,8.80768,0.0318468,18.6123,2.3801,16.3462,2.18309,15.1776,2.65251,20.3755
mag,layered + epistemic,bias 1.5,bias,1.5,402,0.743093,8.37948,0.02704,3.19021,1.47657,14.8038,1.81094,11.9662,1.7977,23.7026
mag,layered + epistemic,bias 1.5,bias,1.5,403,1.07257,9.19921,0.0202474,6.49342,1.65734,9.16958,1.39587,6.20479,1.37641,10.9822
mag,layered + epistemic,bias 1.5,bias,1.5,404,2.03856,8.4489,0.0378905,0.635533,6.3681,21.9892,3.10268,6.37183,4.48073,12.1006
mag,layered + epistemic,bias 1.5,bias,1.5,405,0.748312,8.31959,0.022832,10.1369,2.10122,6.8938,1.40769,3.96841,1.7836,7.73183
mag,layered + epistemic,bias 1.5,bias,1.5,406,0.354397,7.89974,0.0184721,17.2322,1.12387,7.52966,1.35413,5.15755,1.17386,8.10494
mag,layered + epistemic,bias 1.5,bias,1.5,407,0.423267,9.37108,0.0187801,20.6954,1.02868,2.94778,1.31153,2.94409,1.32525,4.27064
mag,layered,bias 3.0,bias,3,400,2.16902,8.17826,0,2.69224,1,1,1,1,1,1
mag,layered,bias 3.0,bias,3,401,0.898894,9.13402,0,19.5613,1,1,1,1,1,1
mag,layered,bias 3.0,bias,3,402,1.51564,8.22675,0,3.26143,1,1,1,1,1,1
mag,layered,bias 3.0,bias,3,403,1.46432,9.08443,0,5.87843,1,1,1,1,1,1
mag,layered,bias 3.0,bias,3,404,3.4985,8.6818,0,1.09924,1,1,1,1,1,1
mag,layered,bias 3.0,bias,3,405,0.775294,8.15966,0,9.29687,1,1,1,1,1,1
mag,layered,bias 3.0,bias,3,406,0.788455,7.59025,0,17.3039,1,1,1,1,1,1
mag,layered,bias 3.0,bias,3,407,0.550954,9.58639,0,21.9204,1,1,1,1,1,1
mag,layered + epistemic,bias 3.0,bias,3,400,2.16072,8.12545,0.0412651,2.6887,4.00457,40.0502,2.45205,23.7209,3.32126,44.3711
mag,layered + epistemic,bias 3.0,bias,3,401,0.896662,9.09156,0.0399461,19.6237,2.72601,14.9558,2.65739,14.4669,3.34581,21.1348
mag,layered + epistemic,bias 3.0,bias,3,402,1.51435,8.19149,0.0357823,3.27439,2.06176,18.8194,2.28618,15.504,2.58943,29.1217
mag,layered + epistemic,bias 3.0,bias,3,403,1.45903,9.05309,0.0356466,5.89587,2.46044,15.5059,2.35837,11.8336,2.56161,25.0354
mag,layered + epistemic,bias 3.0,bias,3,404,3.43022,8.59136,0.0442462,1.06197,7.86689,25.6618,3.29321,8.4101,5.25625,14.0997
mag,layered + epistemic,bias 3.0,bias,3,405,0.776933,8.09952,0.0313543,9.33524,3.06218,9.36672,1.7915,5.18712,2.57436,9.52486
mag,layered + epistemic,bias 3.0,bias,3,406,0.788145,7.56854,0.0306054,17.3477,1.97916,9.66244,2.13118,6.74703,2.21872,9.67581
mag,layered + epistemic,bias 3.0,bias,3,407,0.549045,9.56717,0.0212384,21.9772,1.33507,3.2033,1.47742,2.58945,2.24612,3.7301
mag,layered,noise 0.5,noise_inflation,0.5,400,0.681823,9.12893,0,3.0499,1,1,1,1,1,1
mag,layered,noise 0.5,noise_inflation,0.5,401,0.730406,9.0095,0,17.7542,1,1,1,1,1,1
mag,layered,noise 0.5,noise_inflation,0.5,402,0.46371,8.82474,0,3.22395,1,1,1,1,1,1
mag,layered,noise 0.5,noise_inflation,0.5,403,0.967385,9.6724,0,6.42569,1,1,1,1,1,1
mag,layered,noise 0.5,noise_inflation,0.5,404,1.03582,8.71645,0,0.524236,1,1,1,1,1,1
mag,layered,noise 0.5,noise_inflation,0.5,405,0.80861,8.45924,0,9.43952,1,1,1,1,1,1
mag,layered,noise 0.5,noise_inflation,0.5,406,0.454945,8.67719,0,17.2584,1,1,1,1,1,1
mag,layered,noise 0.5,noise_inflation,0.5,407,0.422411,9.87667,0,20.997,1,1,1,1,1,1
mag,layered + epistemic,noise 0.5,noise_inflation,0.5,400,0.678193,9.10413,0.0241868,3.05401,2.64141,25.6948,1.81062,22.5197,1.82536,31.1364
mag,layered + epistemic,noise 0.5,noise_inflation,0.5,401,0.731642,8.97543,0.0248115,17.7723,2.21371,16.6096,1.772,14.605,2.17611,20.4326
mag,layered + epistemic,noise 0.5,noise_inflation,0.5,402,0.461081,8.81801,0.0119354,3.23213,0.43808,4.58919,0.924594,3.96706,0.55495,7.19875
mag,layered + epistemic,noise 0.5,noise_inflation,0.5,403,0.959118,9.65912,0.0164973,6.44541,1.45388,9.25233,1.1873,5.34239,0.990671,8.72112
mag,layered + epistemic,noise 0.5,noise_inflation,0.5,404,0.962504,8.64017,0.0378864,0.492088,5.85139,19.8904,3.15929,7.49153,4.3728,10.8718
mag,layered + epistemic,noise 0.5,noise_inflation,0.5,405,0.806538,8.42322,0.0256599,9.48012,1.98603,4.91941,1.62345,4.20204,1.83742,7.89722
mag,layered + epistemic,noise 0.5,noise_inflation,0.5,406,0.452109,8.66997,0.0127044,17.2838,0.611636,4.99653,0.983517,3.86899,0.544606,6.20809
mag,layered + epistemic,noise 0.5,noise_inflation,0.5,407,0.421653,9.86766,0.0121526,21.0301,0.596571,2.05803,0.896642,1.89775,0.603686,2.58083
mag,layered,noise 1.5,noise_inflation,1.5,400,0.632587,9.77586,0,3.49879,1,1,1,1,1,1
mag,layered,noise 1.5,noise_inflation,1.5,401,0.702148,9.39243,0,17.9985,1,1,1,1,1,1
mag,layered,noise 1.5,noise_inflation,1.5,402,0.506897,9.56411,0,3.77157,1,1,1,1,1,1
mag,layered,noise 1.5,noise_inflation,1.5,403,1.01635,10.0024,0,6.8699,1,1,1,1,1,1
mag,layered,noise 1.5,noise_inflation,1.5,404,1.009,9.33439,0,0.901887,1,1,1,1,1,1
mag,layered,noise 1.5,noise_inflation,1.5,405,0.863982,9.24454,0,9.95069,1,1,1,1,1,1
mag,layered,noise 1.5,noise_inflation,1.5,406,0.452158,9.12833,0,17.6415,1,1,1,1,1,1
mag,layered,noise 1.5,noise_inflation,1.5,407,0.380871,10.6823,0,21.1349,1,1,1,1,1,1
mag,layered + epistemic,noise 1.5,noise_inflation,1.5,400,0.629778,9.75554,0.0245233,3.50273,2.67188,25.7595,1.83374,22.4798,1.86779,31.3054
mag,layered + epistemic,noise 1.5,noise_inflation,1.5,401,0.703313,9.36852,0.0249851,18.0137,2.23335,16.8799,1.78009,14.8874,2.18501,20.7446
mag,layered + epistemic,noise 1.5,noise_inflation,1.5,402,0.504289,9.55884,0.0120429,3.77946,0.447878,4.91691,0.929757,4.20171,0.570566,7.74632
mag,layered + epistemic,noise 1.5,noise_inflation,1.5,403,1.00975,9.99088,0.0164562,6.88448,1.4561,10.072,1.1833,5.2657,0.993186,9.71689
mag,layered + epistemic,noise 1.5,noise_inflation,1.5,404,0.95697,9.28789,0.0355376,0.879487,5.60632,19.8802,2.94492,6.58018,4.1119,10.8472
mag,layered + epistemic,noise 1.5,noise_inflation,1.5,405,0.863475,9.2191,0.0235983,9.97783,1.8314,4.67112,1.5138,4.0012,1.6917,7.49818
mag,layered + epistemic,noise 1.5,noise_inflation,1.5,406,0.450717,9.12152,0.0128596,17.6684,0.629013,5.1932,0.994786,3.98096,0.562491,6.40409
mag,layered + epistemic,noise 1.5,noise_inflation,1.5,407,0.380746,10.6757,0.0122188,21.171,0.598432,2.04337,0.900435,1.91017,0.611854,2.55519
mag,layered,noise 3.0,noise_inflation,3,400,0.585427,9.8164,0,5.23358,1,1,1,1,1,1
mag,layered,noise 3.0,noise_inflation,3,401,0.697089,9.82114,0,19.4153,1,1,1,1,1,1
mag,layered,noise 3.0,noise_inflation,3,402,0.571038,10.4143,0,5.67381,1,1,1,1,1,1
mag,layered,noise 3.0,noise_inflation,3,403,1.0675,10.5876,0,8.42671,1,1,1,1,1,1
mag,layered,noise 3.0,noise_inflation,3,404,1.39381,10.4217,0,2.33008,1,1,1,1,1,1
mag,layered,noise 3.0,noise_inflation,3,405,0.993271,9.47958,0,11.2653,1,1,1,1,1,1
mag,layered,noise 3.0,noise_inflation,3,406,0.481477,9.70805,0,19.39,1,1,1,1,1,1
mag,layered,noise 3.0,noise_inflation,3,407,0.348535,11.4339,0,22.4332,1,1,1,1,1,1
mag,layered + epistemic,noise 3.0,noise_inflation,3,400,0.581924,9.79636,0.0248637,5.23772,2.72485,24.7134,1.83242,20.9864,1.94379,30.465
mag,layered + epistemic,noise 3.0,noise_inflation,3,401,0.697415,9.79774,0.0255524,19.4286,2.26477,17.539,1.8192,15.3559,2.21475,21.5775
mag,layered + epistemic,noise 3.0,noise_inflation,3,402,0.568279,10.4081,0.0122533,5.68133,0.466974,5.49114,0.941197,4.69303,0.596632,8.72744
mag,layered + epistemic,noise 3.0,noise_inflation,3,403,1.05754,10.5754,0.0167423,8.44528,1.47919,10.6524,1.20217,5.35577,1.03133,10.3454
mag,layered + epistemic,noise 3.0,noise_inflation,3,404,1.31398,10.3721,0.0394937,2.30634,6.24491,20.9056,3.17201,9.97723,4.58163,11.7573
mag,layered + epistemic,noise 3.0,noise_inflation,3,405,0.992197,9.45515,0.0237402,11.2804,1.85681,4.85904,1.51453,4.28964,1.70556,8.07034
mag,layered + epistemic,noise 3.0,noise_inflation,3,406,0.480255,9.70081,0.0131337,19.4203,0.670698,5.40814,1.00807,4.06528,0.600693,6.59542
mag,layered + epistemic,noise 3.0,noise_inflation,3,407,0.348622,11.4268,0.0122179,22.4733,0.597806,2.03491,0.898501,1.90412,0.618257,2.40559
mag,layered,drift 3.0,drift,3,400,1.21306,9.30934,0,3.00924,1,1,1,1,1,1
mag,layered,drift 3.0,drift,3,401,1.1893,9.17722,0,18.0187,1,1,1,1,1,1
mag,layered,drift 3.0,drift,3,402,0.783946,8.89679,0,3.20606,1,1,1,1,1,1
mag,layered,drift 3.0,drift,3,403,0.852793,9.80567,0,6.44819,1,1,1,1,1,1
mag,layered,drift 3.0,drift,3,404,1.89676,8.8546,0,0.477926,1,1,1,1,1,1
mag,layered,drift 3.0,drift,3,405,0.594482,8.19547,0,9.19894,1,1,1,1,1,1
mag,layered,drift 3.0,drift,3,406,0.708758,8.72013,0,17.8843,1,1,1,1,1,1
mag,layered,drift 3.0,drift,3,407,0.480103,10.0573,0,20.5844,1,1,1,1,1,1
mag,layered + epistemic,drift 3.0,drift,3,400,1.21008,9.28554,0.0261854,3.0111,2.88999,25.3241,1.88158,21.4581,2.09884,30.8367
mag,layered + epistemic,drift 3.0,drift,3,401,1.18779,9.14513,0.0258453,18.0415,2.06288,16.0734,1.77818,14.0646,2.14564,19.9224
mag,layered + epistemic,drift 3.0,drift,3,402,0.782761,8.88829,0.014213,3.21393,0.614085,4.49678,1.05312,3.83523,0.745147,7.18302
mag,layered + epistemic,drift 3.0,drift,3,403,0.847918,9.78704,0.0178898,6.46375,1.53706,9.24147,1.2516,6.24755,1.22899,11.2672
mag,layered + epistemic,drift 3.0,drift,3,404,1.85475,8.7971,0.0368028,0.457648,6.14468,21.6235,3.03838,6.81184,4.32706,12.0853
mag,layered + epistemic,drift 3.0,drift,3,405,0.593069,8.15108,0.0278579,9.23132,2.42023,6.41008,1.68511,4.87941,2.07646,9.16048
mag,layered + epistemic,drift 3.0,drift,3,406,0.708342,8.7106,0.0139441,17.9108,0.761773,5.27666,1.05085,3.93449,0.718489,6.40455
mag,layered + epistemic,drift 3.0,drift,3,407,0.480123,10.0471,0.0155039,20.6164,0.826366,2.48646,1.09909,2.51668,0.949491,3.83557
mag,layered,scale_error 3.0,scale_error,3,400,2.61738,11.1087,0,82.6131,1,1,1,1,1,1
mag,layered,scale_error 3.0,scale_error,3,401,1.85965,11.594,0,40.3688,1,1,1,1,1,1
mag,layered,scale_error 3.0,scale_error,3,402,0.774992,10.761,0,53.4231,1,1,1,1,1,1
mag,layered,scale_error 3.0,scale_error,3,403,2.32361,10.9969,0,90.5366,1,1,1,1,1,1
mag,layered,scale_error 3.0,scale_error,3,404,3.9522,11.0806,0,84.908,1,1,1,1,1,1
mag,layered,scale_error 3.0,scale_error,3,405,2.21284,11.0664,0,19.2263,1,1,1,1,1,1
mag,layered,scale_error 3.0,scale_error,3,406,1.1287,9.74028,0,114.771,1,1,1,1,1,1
mag,layered,scale_error 3.0,scale_error,3,407,0.574406,11.7457,0,79.4922,1,1,1,1,1,1
mag,layered + epistemic,scale_error 3.0,scale_error,3,400,2.61774,11.0658,0.0484759,82.5808,4.43019,41.2622,2.83532,24.2316,3.86971,45.2164
mag,layered + epistemic,scale_error 3.0,scale_error,3,401,1.85245,11.5161,0.0757639,40.1884,5.33379,50.1256,5.27866,42.3616,5.54253,66.9252
mag,layered + epistemic,scale_error 3.0,scale_error,3,402,0.776492,10.7426,0.0205488,53.3636,1.3244,11.1828,1.27595,9.72052,1.6485,18.5463
mag,layered + epistemic,scale_error 3.0,scale_error,3,403,2.31611,10.9574,0.0378065,90.5199,2.98113,11.808,2.38142,8.40865,2.58755,17.6489
mag,layered + epistemic,scale_error 3.0,scale_error,3,404,3.62929,11.0056,0.0699064,84.5122,10.1432,29.1634,4.47441,17.0128,7.29937,31.357
mag,layered + epistemic,scale_error 3.0,scale_error,3,405,2.01932,10.975,0.0789602,18.9733,6.73922,18.6395,4.35787,14.6097,7.66733,25.4987
mag,layered + epistemic,scale_error 3.0,scale_error,3,406,1.13257,9.72299,0.0314802,114.729,2.03208,10.059,2.15321,6.95218,2.08402,10.7866
mag,layered + epistemic,scale_error 3.0,scale_error,3,407,0.575186,11.7296,0.0245995,79.5131,1.55506,5.50276,1.67777,5.28937,1.62501,8.87705
mag,layered,stuck 0.5,stuck,0.5,400,1.42388,15.6641,0,10.9726,1,1,1,1,1,1
mag,layered,stuck 0.5,stuck,0.5,401,2.61065,15.5251,0,21.6044,1,1,1,1,1,1
mag,layered,stuck 0.5,stuck,0.5,402,0.745976,13.0736,0,6.20282,1,1,1,1,1,1
mag,layered,stuck 0.5,stuck,0.5,403,3.23907,16.3862,0,17.8777,1,1,1,1,1,1
mag,layered,stuck 0.5,stuck,0.5,404,1.29873,14.7894,0,14.0864,1,1,1,1,1,1
mag,layered,stuck 0.5,stuck,0.5,405,1.99653,12.7845,0,11.3976,1,1,1,1,1,1
mag,layered,stuck 0.5,stuck,0.5,406,1.28414,11.4844,0,17.4162,1,1,1,1,1,1
mag,layered,stuck 0.5,stuck,0.5,407,1.88682,13.3666,0,20.1786,1,1,1,1,1,1
mag,layered + epistemic,stuck 0.5,stuck,0.5,400,1.42571,15.6236,0.0245184,10.9524,2.58823,19.8165,1.7813,17.0207,1.83331,24.0857
mag,layered + epistemic,stuck 0.5,stuck,0.5,401,2.61423,15.5041,0.02478,21.6089,2.0751,16.415,1.82159,14.3419,2.12533,20.2371
mag,layered + epistemic,stuck 0.5,stuck,0.5,402,0.746693,13.0585,0.0176683,6.20153,0.828657,4.88448,1.26686,6.10147,1.06284,8.12088
mag,layered + epistemic,stuck 0.5,stuck,0.5,403,3.21083,16.3681,0.0185467,17.8762,1.69961,13.1631,1.30605,8.63158,1.22951,15.6895
mag,layered + epistemic,stuck 0.5,stuck,0.5,404,1.25497,14.7395,0.0396162,14.1113,6.00721,21.8552,3.22308,10.7195,4.52175,14.1969
mag,layered + epistemic,stuck 0.5,stuck,0.5,405,2.00043,12.7442,0.0285867,11.3976,2.14229,5.10324,1.76379,4.04034,1.96368,7.64319
mag,layered + epistemic,stuck 0.5,stuck,0.5,406,1.27639,11.4596,0.0259671,17.4304,1.7036,5.18403,1.82923,4.27871,1.64798,6.41642
mag,layered + epistemic,stuck 0.5,stuck,0.5,407,1.88606,13.3576,0.0118245,20.2061,0.571619,2.07739,0.875832,2.05571,0.568514,2.71159
mag,layered,dropout 0.5,dropout,0.5,400,0.795547,8.92884,0,3.10058,1,1,1,1,1,1
mag,layered,dropout 0.5,dropout,0.5,401,0.845684,8.75036,0,18.2153,1,1,1,1,1,1
mag,layered,dropout 0.5,dropout,0.5,402,0.435916,8.93256,0,3.26343,1,1,1,1,1,1
mag,layered,dropout 0.5,dropout,0.5,403,1.03112,9.91442,0,6.522,1,1,1,1,1,1
mag,layered,dropout 0.5,dropout,0.5,404,0.795547,8.78959,0,0.49685,1,1,1,1,1,1
mag,layered,dropout 0.5,dropout,0.5,405,0.782666,8.25391,0,9.79507,1,1,1,1,1,1
mag,layered,dropout 0.5,dropout,0.5,406,0.521564,8.82733,0,19.6169,1,1,1,1,1,1
mag,layered,dropout 0.5,dropout,0.5,407,0.472793,9.81809,0,21.7546,1,1,1,1,1,1
mag,layered + epistemic,dropout 0.5,dropout,0.5,400,0.791595,8.90373,0.0236075,3.10453,2.60297,26.0067,1.76674,22.9327,1.77978,31.5414
mag,layered + epistemic,dropout 0.5,dropout,0.5,401,0.844076,8.71304,0.0262826,18.2266,2.23919,16.8693,1.88199,14.8183,2.24699,20.6622
mag,layered + epistemic,dropout 0.5,dropout,0.5,402,0.433462,8.92592,0.0120536,3.27191,0.44007,5.09442,0.93272,4.21162,0.561974,7.94668
mag,layered + epistemic,dropout 0.5,dropout,0.5,403,1.02279,9.89927,0.0166502,6.54064,1.45816,9.27295,1.19154,4.72275,1.03749,8.68893
mag,layered + epistemic,dropout 0.5,dropout,0.5,404,0.751964,8.73699,0.0344049,0.477186,5.64867,19.6181,2.75446,7.61777,4.07839,13.9556
mag,layered + epistemic,dropout 0.5,dropout,0.5,405,0.779657,8.22241,0.0248076,9.83081,1.93137,4.5072,1.57495,4.11095,1.78166,7.67984
mag,layered + epistemic,dropout 0.5,dropout,0.5,406,0.519204,8.81857,0.0128619,19.6485,0.626752,5.59371,0.992781,4.26229,0.56113,6.821
mag,layered + epistemic,dropout 0.5,dropout,0.5,407,0.472834,9.80809,0.0130452,21.7888,0.641943,2.33182,0.936457,2.44978,0.682657,4.09516
none,layered,aggressive x2,none,0,400,2.51242,12.1884,0,231.721,1,1,1,1,1,1
none,layered,aggressive x2,none,0,401,6.8504,17.1754,0,388.614,1,1,1,1,1,1
none,layered,aggressive x2,none,0,402,1.72518,13.7042,0,481.793,1,1,1,1,1,1
none,layered,aggressive x2,none,0,403,2.4288,13.7633,0,419.469,1,1,1,1,1,1
none,layered,aggressive x2,none,0,404,3.2573,19.9388,0,315.313,1,1,1,1,1,1
none,layered,aggressive x2,none,0,405,2.24009,12.4606,0,287.291,1,1,1,1,1,1
none,layered,aggressive x2,none,0,406,1.76483,14.1501,0,582.902,1,1,1,1,1,1
none,layered,aggressive x2,none,0,407,2.04208,15.6963,0,605.692,1,1,1,1,1,1
none,layered + epistemic,aggressive x2,none,0,400,2.44129,11.9392,0.140195,231.358,13.8543,279.548,8.75225,176.459,15.8531,279.348
none,layered + epistemic,aggressive x2,none,0,401,7.10123,16.017,0.215172,340.985,20.7786,240.094,12.9548,202.689,21.7526,288.041
none,layered + epistemic,aggressive x2,none,0,402,1.71769,13.567,0.178754,483.251,16.1369,232.84,11.1914,158.729,20.7793,316.24
none,layered + epistemic,aggressive x2,none,0,403,2.33686,12.6219,0.14869,430.152,16.6592,505.702,8.99146,312.696,16.9006,624.743
none,layered + epistemic,aggressive x2,none,0,404,3.06197,18.8488,0.469926,314.811,59.1912,389.992,30.2186,371.346,59.5707,544.503
none,layered + epistemic,aggressive x2,none,0,405,2.25164,12.2178,0.137841,287.863,16.6346,139.349,8.05037,87.1026,15.0649,208.61
none,layered + epistemic,aggressive x2,none,0,406,1.74591,13.9744,0.122617,583.136,10.9271,196.882,7.80389,106.411,12.7362,272.468
none,layered + epistemic,aggressive x2,none,0,407,2.03419,14.9886,0.188716,615.984,17.0512,478.157,11.4906,273.867,21.4417,516.591
