condition,start,entry,steps,above_1,above_2,above_3,final,peak
healthy seed 1,truth,noise_gyro,1000,843,0,0,1.4625608315328191,1.5104630091541107
healthy seed 2,truth,noise_gyro,1000,0,0,0,0.27677273085894216,0.3317044781318976
healthy seed 3,truth,noise_gyro,1000,0,0,0,0.2061084244455498,0.6701187744177795
healthy seed 4,truth,bias_mag,1000,0,0,0,0.49647547408248455,0.5264969752597743
healthy seed 5,truth,noise_gyro,1000,0,0,0,0.4488717265696037,0.4488717265696037
healthy seed 6,truth,noise_gyro,1000,372,0,0,1.0635603415969919,1.1965486729657548
healthy seed 7,truth,noise_accel,1000,0,0,0,0.02953613072500453,0.6366760078233762
healthy seed 8,truth,bias_gyro,1000,0,0,0,0.0012313222756944867,0.4304681851018479
healthy seed 1,zero,bias_mag,1000,986,966,826,4.78927211641459,4.833061542542524
healthy seed 2,zero,noise_accel,1000,0,0,0,0.31811896636997367,0.5011478487330314
healthy seed 3,zero,bias_gyro,1000,548,0,0,0.7958603078250657,1.4709732780386695
healthy seed 4,zero,bias_mag,1000,0,0,0,0.47675954127931913,0.5036735701948136
healthy seed 5,zero,bias_gyro,1000,0,0,0,0.15686316467952924,0.4952553827854347
healthy seed 6,zero,noise_gyro,1000,21,0,0,1.1555049319483532,1.1555049319483532
healthy seed 7,zero,bias_gyro,1000,979,963,737,2.1189348129979284,3.493869844153565
healthy seed 8,zero,noise_mag,1000,974,953,177,3.085088377075959,3.111093140278695
accel bias severity 2,truth,bias_accel,500,0,0,0,0.7697886851590794,0.7697886851590794
accel bias severity 3,truth,bias_accel,500,0,0,0,0.8420156835349853,0.8420156835349853
gyro bias severity 2,truth,bias_gyro,500,0,0,0,0.4413886987189887,0.45080216275406493
gyro bias severity 3,truth,bias_gyro,500,0,0,0,0.6222489819713685,0.623232091410239
mag bias severity 2,truth,bias_mag,500,0,0,0,0.7209325989933397,0.7726013675184923
mag bias severity 3,truth,bias_mag,500,62,0,0,0.9658210267302136,1.0306628258538548
accel noise_inflation severity 2,truth,noise_accel,500,0,0,0,0.007047311080575938,0.030596245026375774
accel noise_inflation severity 3,truth,noise_accel,500,0,0,0,0.008042300742595326,0.04277192062263353
gyro noise_inflation severity 2,truth,noise_gyro,500,0,0,0,0.13650071883418446,0.4623971490093406
gyro noise_inflation severity 3,truth,noise_gyro,500,0,0,0,0.13602765357422186,0.457085843080597
mag noise_inflation severity 2,truth,noise_mag,500,0,0,0,0.16468529910956092,0.20384436614187973
mag noise_inflation severity 3,truth,noise_mag,500,0,0,0,0.1581198264191215,0.1948798410779086
